-- phpMyAdmin SQL Dump
-- version 4.6.5.2
-- https://www.phpmyadmin.net/
--
-- Host: 127.0.0.1
-- Generation Time: Jun 03, 2019 at 09:18 AM
-- Server version: 5.7.20-0ubuntu0.17.04.1
-- PHP Version: 5.6.30

SET SQL_MODE = "NO_AUTO_VALUE_ON_ZERO";
SET time_zone = "+00:00";


/*!40101 SET @OLD_CHARACTER_SET_CLIENT=@@CHARACTER_SET_CLIENT */;
/*!40101 SET @OLD_CHARACTER_SET_RESULTS=@@CHARACTER_SET_RESULTS */;
/*!40101 SET @OLD_COLLATION_CONNECTION=@@COLLATION_CONNECTION */;
/*!40101 SET NAMES utf8mb4 */;

--
-- Database: `Income_Tax`
--

-- --------------------------------------------------------

--
-- Table structure for table `Declarations`
--

CREATE TABLE `Declarations` (
  `emp_id` varchar(11) NOT NULL,
  `dec_type` varchar(35) NOT NULL,
  `amount_declared` int(11) NOT NULL,
  `amount_proved` int(11) NOT NULL,
  `status` varchar(20) NOT NULL DEFAULT 'Pending',
  `dec_id` varchar(20) NOT NULL
) ENGINE=InnoDB DEFAULT CHARSET=utf8 ROW_FORMAT=DYNAMIC;

--
-- Dumping data for table `Declarations`
--

INSERT INTO `Declarations` (`emp_id`, `dec_type`, `amount_declared`, `amount_proved`, `status`, `dec_id`) VALUES
('EMP001', 'CPF', 21600, 0, 'Pending', 'cpf'),
('EMP001', 'ULIP', 129000, 0, 'Pending', 'ulip'),
('EMP002', 'CPF', 21600, 0, 'Pending', 'cpf'),
('EMP002', 'Home Interest', 90044, 0, 'Pending', 'home_int'),
('EMP002', 'Housing Loan Principal', 214432, 0, 'Pending', 'hsg_loan_prin'),
('EMP065', 'Home Interest', 60305, 0, 'Pending', 'home_int'),
('EMP065', 'Mediclaim', 6816, 0, 'Pending', 'medi'),
('EMP079', 'Home Interest', 175000, 0, 'Pending', 'home_int'),
('EMP079', 'Mediclaim', 24000, 0, 'Pending', 'medi'),
('EMP079', 'National Pension', 50000, 0, 'Pending', 'nat_pen'),
('EMP128', 'Home Interest', 12317, 0, 'Pending', 'home_int'),
('EMP128', 'Mediclaim', 30000, 0, 'Pending', 'medi'),
('EMP177', 'Home Interest', 167000, 0, 'Pending', 'home_int'),
('EMP177', 'National Pension', 30000, 0, 'Pending', 'nat_pen'),
('EMP219', 'Annual Insurance', 150000, 0, 'Pending', 'ann_ins'),
('EMP219', 'CPF', 21600, 0, 'Pending', 'cpf'),
('EMP219', 'Mediclaim', 4600, 0, 'Pending', 'medi'),
('EMP231', 'Mediclaim', 15000, 0, 'Pending', 'medi'),
('EMP231', 'National Pension', 50000, 0, 'Pending', 'nat_pen'),
('EMP234', 'Home Interest', 145996, 0, 'Pending', 'home_int'),
('EMP234', 'Mediclaim', 10000, 0, 'Pending', 'medi'),
('EMP289', 'Home Interest', 100000, 0, 'Pending', 'home_int'),
('EMP289', 'Housing Loan Principal', 90000, 0, 'Pending', 'hsg_loan_prin'),
('EMP312', 'Mediclaim', 38795, 0, 'Pending', 'medi'),
('EMP326', 'National Pension', 50000, 0, 'Pending', 'nat_pen'),
('EMP329', 'Annual Insurance', 150000, 0, 'Pending', 'ann_ins'),
('EMP329', 'CPF', 21600, 0, 'Pending', 'cpf'),
('EMP330', 'CPF', 21600, 0, 'Pending', 'cpf'),
('EMP330', 'PPF', 150000, 0, 'Pending', 'ppf'),
('EMP340', 'Home Interest', 170000, 0, 'Pending', 'home_int'),
('EMP340', 'Mediclaim', 15000, 0, 'Pending', 'medi'),
('EMP345', 'Mediclaim', 20000, 0, 'Pending', 'medi'),
('EMP345', 'National Pension', 50000, 0, 'Pending', 'nat_pen'),
('EMP355', 'Annual Insurance', 10260, 0, 'Pending', 'ann_ins'),
('EMP355', 'CPF', 21600, 0, 'Pending', 'cpf'),
('EMP355', 'Home Interest', 337700, 0, 'Pending', 'home_int'),
('EMP355', 'Housing Loan Principal', 65500, 0, 'Pending', 'hsg_loan_prin'),
('EMP355', 'Mediclaim', 13100, 0, 'Pending', 'medi'),
('EMP355', 'PPF', 10000, 0, 'Pending', 'ppf'),
('EMP355', 'Children Tuition Fee', 77000, 0, 'Pending', 'tuition_fee'),
('EMP362', 'Annual Insurance', 6275, 0, 'Pending', 'ann_ins'),
('EMP362', 'CPF', 21600, 0, 'Pending', 'cpf'),
('EMP362', 'Housing Loan Principal', 100000, 0, 'Pending', 'hsg_loan_prin'),
('EMP362', 'PPF', 50000, 0, 'Pending', 'ppf'),
('EMP362', 'ULIP', 54000, 0, 'Pending', 'ulip'),
('EMP364', 'Home Interest', 153996, 0, 'Pending', 'home_int'),
('EMP379', 'Home Interest', 30000, 0, 'Pending', 'home_int'),
('EMP379', 'Mediclaim', 7000, 0, 'Pending', 'medi'),
('EMP382', 'Annual Insurance', 12361, 0, 'Pending', 'ann_ins'),
('EMP382', 'CPF', 21600, 0, 'Pending', 'cpf'),
('EMP382', 'Home Interest', 50000, 0, 'Pending', 'home_int'),
('EMP382', 'Housing Loan Principal', 110000, 0, 'Pending', 'hsg_loan_prin'),
('EMP382', 'Mediclaim', 13200, 0, 'Pending', 'medi'),
('EMP382', 'Children Tuition Fee', 30000, 0, 'Pending', 'tuition_fee'),
('EMP397', 'Home Interest', 43000, 0, 'Pending', 'home_int'),
('EMP397', 'Mediclaim', 13630, 0, 'Pending', 'medi'),
('EMP398', 'Home Interest', 183548, 0, 'Pending', 'home_int'),
('EMP401', 'Home Interest', 125000, 0, 'Pending', 'home_int'),
('EMP401', 'Mediclaim', 15000, 0, 'Pending', 'medi'),
('EMP401', 'National Pension', 60000, 0, 'Pending', 'nat_pen'),
('EMP403', 'Annual Rent', 120000, 0, 'Pending', 'ann_rent'),
('EMP403', 'Mediclaim', 18000, 0, 'Pending', 'medi'),
('EMP404', 'Home Interest', 7645, 0, 'Pending', 'home_int'),
('EMP404', 'Mediclaim', 10000, 0, 'Pending', 'medi'),
('EMP407', 'Home Interest', 155000, 0, 'Pending', 'home_int'),
('EMP440', 'CPF', 21600, 0, 'Pending', 'cpf'),
('EMP440', 'Home Interest', 213917, 0, 'Pending', 'home_int'),
('EMP440', 'Housing Loan Principal', 103375, 0, 'Pending', 'hsg_loan_prin'),
('EMP466', 'CPF', 21600, 0, 'Pending', 'cpf'),
('EMP476', 'Home Interest', 282025, 0, 'Pending', 'home_int'),
('EMP481', 'Home Interest', 249050, 0, 'Pending', 'home_int'),
('EMP504', 'Annual Insurance', 11294, 0, 'Pending', 'ann_ins'),
('EMP504', 'Home Interest', 283224, 0, 'Pending', 'home_int'),
('EMP504', 'Housing Loan Principal', 36000, 0, 'Pending', 'hsg_loan_prin'),
('EMP504', 'PPF', 500, 0, 'Pending', 'ppf'),
('EMP516', 'Home Interest', 35000, 0, 'Pending', 'home_int'),
('EMP517', 'Home Interest', 240000, 0, 'Pending', 'home_int'),
('EMP518', 'Annual Rent', 120000, 0, 'Pending', 'ann_rent'),
('EMP518', 'Mediclaim', 32000, 0, 'Pending', 'medi'),
('EMP518', 'National Pension', 6924, 0, 'Pending', 'nat_pen'),
('EMP523', 'Annual Rent', 144000, 0, 'Pending', 'ann_rent'),
('EMP523', 'Mediclaim', 9000, 0, 'Pending', 'medi'),
('EMP523', 'National Pension', 5000, 0, 'Pending', 'nat_pen'),
('EMP525', 'Annual Rent', 96000, 0, 'Pending', 'ann_rent'),
('EMP542', 'Home Interest', 220000, 0, 'Pending', 'home_int'),
('EMP542', 'Mediclaim', 12000, 0, 'Pending', 'medi'),
('EMP559', 'Annual Rent', 150000, 0, 'Pending', 'ann_rent'),
('EMP559', 'Mediclaim', 85685, 0, 'Pending', 'medi'),
('EMP563', 'Home Interest', 372864, 0, 'Pending', 'home_int'),
('EMP579', 'Annual Rent', 96000, 0, 'Pending', 'ann_rent'),
('EMP579', 'Physically Handicap', 50000, 0, 'Pending', 'phy_hand'),
('EMP591', 'Home Interest', 360000, 0, 'Pending', 'home_int'),
('EMP591', 'Mediclaim', 22000, 0, 'Pending', 'medi'),
('EMP608', 'Annual Rent', 90000, 0, 'Pending', 'ann_rent'),
('EMP610', 'Mediclaim', 30000, 0, 'Pending', 'medi'),
('EMP626', 'Annual Rent', 132000, 0, 'Pending', 'ann_rent'),
('EMP626', 'Mediclaim', 25000, 0, 'Pending', 'medi'),
('EMP632', 'Home Interest', 130000, 0, 'Pending', 'home_int'),
('EMP632', 'National Pension', 10824, 0, 'Pending', 'nat_pen'),
('EMP634', 'Annual Rent', 108000, 0, 'Pending', 'ann_rent'),
('EMP634', 'Education Interest', 30000, 0, 'Pending', 'edu_int'),
('EMP634', 'Mediclaim', 50000, 0, 'Pending', 'medi'),
('EMP652', 'CPF', 21672, 0, 'Pending', 'cpf'),
('EMP652', 'Mediclaim', 18071, 0, 'Pending', 'medi'),
('EMP652', 'Children Tuition Fee', 17000, 0, 'Pending', 'tuition_fee'),
('EMP652', 'ULIP', 100000, 0, 'Pending', 'ulip'),
('EMP653', 'Annual Insurance', 141675, 0, 'Pending', 'ann_ins'),
('EMP653', 'CPF', 21672, 0, 'Pending', 'cpf'),
('EMP653', 'Mediclaim', 10360, 0, 'Pending', 'medi');

-- --------------------------------------------------------

--
-- Table structure for table `Employee`
--

CREATE TABLE `Employee` (
  `emp_name` varchar(35) DEFAULT NULL,
  `emp_id` varchar(6) NOT NULL,
  `gross_sal` int(11) NOT NULL
) ENGINE=InnoDB DEFAULT CHARSET=utf8 ROW_FORMAT=DYNAMIC;

--
-- Dumping data for table `Employee`
--

INSERT INTO `Employee` (`emp_name`, `emp_id`, `gross_sal`) VALUES
('Sreemathy Ramesh', 'EMP001', 1886481),
('Sarang Achyut Joshi', 'EMP002', 2065848),
('Vandana Jayant Damle', 'EMP003', 851841),
('Kamalkishor Rambilasji Atal', 'EMP004', 1001023),
('Rajesh Baliram Ingle', 'EMP005', 2006187),
('Satish Sudhakar Narkhede', 'EMP008', 1886481),
('Girish Shrikisan Mundada', 'EMP012', 2095365),
('Girish Pandurang Potdar', 'EMP013', 2059728),
('Asmita Ajay Joshi', 'EMP015', 1175757),
('Kartik Chandra Nandi', 'EMP019', 2323389),
('Ravinder Bhadraiah Yerram', 'EMP020', 2243664),
('Bhavana Mukesh Vyas', 'EMP021', 758784),
('Balwant Ambadasrao Sonkamble', 'EMP027', 1978137),
('Mukta Sunil Takalikar', 'EMP028', 1314834),
('Rekha Anil Kulkarni', 'EMP030', 1314834),
('Lalit Purushottam Patil', 'EMP041', 890244),
('Usha Suresh Bhosale', 'EMP042', 853296),
('Jyotsna Ajay Beke', 'EMP044', 854298),
('Viajy Arun Manmode', 'EMP046', 468732),
('Anil Maruti Chavan', 'EMP047', 486279),
('Ujwala Sarang Chavrekar', 'EMP058', 365601),
('Rajesh Vishwanath Shelar', 'EMP059', 336084),
('Shyam Babasaheb Deshmukh', 'EMP063', 1314834),
('Anagha Manish Kulkarni', 'EMP065', 943476),
('Kalyani Chetan Waghmare', 'EMP066', 1277022),
('Sunil Kanobaji Moon', 'EMP079', 1492650),
('Dr. Rupesh Chandrakant Jaiswal', 'EMP084', 1536972),
('Arundhati Atul Chandorkar', 'EMP100', 864750),
('Anant Madhukar Bagade', 'EMP119', 1886481),
('Dnyaneshwar Manikrao Mankar', 'EMP121', 673470),
('Ashwinikumar Panjabrao Dhande', 'EMP128', 2255982),
('Avinash Madhukarrao Deshmukh', 'EMP141', 1277022),
('Vighnesh Yogiraj Deo', 'EMP156', 1133196),
('Mousami Prashant Turuk', 'EMP177', 1277022),
('Kiran Babanrao Kale', 'EMP179', 605682),
('Arati Raghuraj Deshpande', 'EMP184', 1422531),
('Anupama Ganesh Phakatkar', 'EMP185', 1277022),
('Geetanjali Vinayak Kale', 'EMP189', 1314834),
('Shweta Chandrashekhar Dharmadhikari', 'EMP195', 1832016),
('Deepak Madanrao Shinde', 'EMP197', 916428),
('Sachin Suresh Pande', 'EMP203', 1249284),
('Hemant Nivrutti Nikalje', 'EMP206', 360723),
('Sheetal Sagar Sonawane', 'EMP211', 1832016),
('Sandeep Balasaheb Chondhe', 'EMP219', 576390),
('Emmanuel .', 'EMP231', 1979070),
('Manish Rambhau Khodaskar', 'EMP234', 1013982),
('Pradip Shankar Varade', 'EMP237', 1277022),
('Mahesh Anandrao Gangarde', 'EMP245', 916428),
('Rajendra Gangaram Yelalwar', 'EMP246', 1178628),
('Sandeep Namdeo Deokate', 'EMP257', 378543),
('Mangal Netaji Javalekar', 'EMP259', 747159),
('Pradeep Purushottam Parkhi', 'EMP264', 727104),
('Abhinay Gulabrao Dhamankar', 'EMP267', 840114),
('Suresh Ramchandra Shelar', 'EMP276', 617703),
('Amol Baburao Bhadange', 'EMP289', 567792),
('Hrushikesh Madhukar Hiwase', 'EMP293', 1178628),
('Deepak Daval Thikekar', 'EMP301', 567792),
('Mousami Vaibhav Munot', 'EMP302', 1677906),
('Bakul Santosh Katewal', 'EMP306', 394581),
('Avinash Datta Torane', 'EMP309', 394581),
('Nitin Barsu Patil', 'EMP312', 971214),
('Pranjali Prashant Joshi', 'EMP313', 999798),
('Kailas Balkrushna Bhosale', 'EMP315', 367155),
('Narayan Bhagwanrao Pawar', 'EMP317', 406008),
('Preeti Anand Jain', 'EMP318', 999798),
('Kiran Babanrao Kadambande', 'EMP319', 394581),
('Tushar Anant Rane', 'EMP321', 1240374),
('Seema Hanumandas Chandak', 'EMP326', 971214),
('Kavita Kishor Kulkarni', 'EMP329', 367155),
('Manisha Hemant Hasurkar', 'EMP330', 367155),
('Madhuri Sachin Wakode', 'EMP334', 999798),
('Kirti Yogesh Digholkar', 'EMP337', 999798),
('Shivaji Vitthalrao Mundhe', 'EMP338', 916428),
('Pravin Ramdas Patil', 'EMP340', 999798),
('Snehalata Lalitbhaiya Rane', 'EMP342', 394581),
('Pujashree Satish Vidap', 'EMP344', 999798),
('Archana Santosh Ghotkar', 'EMP345', 1832016),
('Pravin Shantaram Game', 'EMP347', 1007472),
('Vishal Ramesh Jaiswal', 'EMP355', 971214),
('Manjeeta Ramakant Kale', 'EMP362', 971214),
('Siddheshwar Sukdeo Metkari', 'EMP364', 556404),
('Ankush Vasant Sapkal', 'EMP367', 725466),
('Ashwini Mukund Kulkarni', 'EMP369', 550940),
('Emani Maheswara Reddy', 'EMP372', 1448949),
('Shital Nayan Girme', 'EMP373', 971214),
('Amar Ramesh Buchade', 'EMP374', 971214),
('Rachana Rameshchand Chhajed', 'EMP376', 971214),
('Mangesh Krishnarao Shegokar', 'EMP379', 556404),
('Baburao Shankar Jadhav', 'EMP381', 394581),
('Ravindra Baburao Murumkar', 'EMP382', 971214),
('Radhika Vikas Kulkarni', 'EMP383', 902565),
('Mahesh Waman Nimje', 'EMP384', 399753),
('Sumitra Amit Jakhete', 'EMP388', 984690),
('Jayashree Naman Buradkar', 'EMP389', 556404),
('Ratnamala Kumar Sudhir Paswan', 'EMP390', 971214),
('Ashwini Arunrao Jewalikar', 'EMP392', 943476),
('Naman Vijay Buradkar', 'EMP397', 956409),
('Shadrak Hanmant Karsulkar', 'EMP398', 536100),
('Sachin Dasharath Shelke', 'EMP401', 943476),
('Sandeep Vinayak Gaikwad', 'EMP403', 1043499),
('Vaibhav Bharatrao Vaijapurkar', 'EMP404', 978570),
('Sandeep Rambhau Warhade', 'EMP406', 943476),
('Gajanan Lalappa Kirwale', 'EMP407', 536100),
('Avinash Bhaskarrao Ambhore', 'EMP408', 536100),
('Hemlata Prashant Channe', 'EMP411', 956409),
('Deepali Dashrath Londhe', 'EMP414', 1204737),
('Swanand Ajitkumar Peshave', 'EMP418', 327177),
('Jayashree Balaso Jagdale', 'EMP423', 1013982),
('Sumit Satish Shevtekar', 'EMP427', 916428),
('Kavita Arjun Sultanpure', 'EMP428', 971517),
('Shital Gajendra Patil', 'EMP429', 510915),
('Suvarna Baban Gujar', 'EMP431', 355458),
('Atul Nivrutti Pujari', 'EMP432', 355458),
('Sanjay Maruti Shinde', 'EMP433', 526257),
('Omesh Manohar Bodele', 'EMP435', 526257),
('Sunil Shripal Khot', 'EMP437', 971517),
('Amol Sukhadeorao Ingole', 'EMP438', 971517),
('Kaustubh Vaman Sakhare', 'EMP439', 929058),
('Suvidya Ramesh Pawar', 'EMP440', 526257),
('Makrand Dinanath Bandkar', 'EMP443', 890244),
('Snehal Sanjay Karhadkar', 'EMP445', 344685),
('Vinita Vivek Tadwalkar', 'EMP446', 293940),
('Anjali Jadhao', 'EMP447', 0),
('Sujata Ashok Barde', 'EMP451', 828709),
('Niteen Panditrao Sapkal', 'EMP452', 890244),
('Ravikant Chandrakant Badekar', 'EMP459', 269202),
('Madhav Maruti Pawase', 'EMP460', 285330),
('Sandip Gorakhnath Renuse', 'EMP462', 285330),
('Bharat Ramdas Dhawale', 'EMP464', 283795),
('Prasad Purushottam Gumaste', 'EMP466', 306940),
('Rakesh Pradeep Patil', 'EMP468', 306297),
('Dinesh Pradeep Dabir', 'EMP470', 350883),
('Vaishali Shankar Deshpande', 'EMP474', 270169),
('Yogesh Ashok Handge', 'EMP476', 840114),
('Prahlad Tirumalrao Kulkarni', 'EMP477', 3962230),
('Nisha Rakeshkumar Sodha', 'EMP478', 816096),
('Sandeep Mahadev Savalkar', 'EMP479', 277044),
('Milind Vikas Khile', 'EMP480', 277044),
('Navnath Ankush Gadade', 'EMP481', 840114),
('Isha Prasanna Kulkarni', 'EMP482', 840114),
('Shahadev Dattatray Hake', 'EMP484', 840114),
('Virendra Vishnudas Bagade', 'EMP485', 999798),
('Kranti Ramrao Jadhav', 'EMP490', 805073),
('Prajakta Dilip Vanarse', 'EMP492', 268394),
('Abhijit Balaso Wagh', 'EMP495', 268989),
('Abhishek Makarand Kulkarni', 'EMP499', 816096),
('Malhar Vinayak Shaligram', 'EMP500', 268989),
('Gajendra Sudamrao Khairmode', 'EMP501', 265035),
('Nandkishor Suresh Mirajkar', 'EMP502', 265035),
('Laxmikant Marotrao Gavhane', 'EMP503', 298620),
('Mayur Subhash Chavan', 'EMP504', 770307),
('Archana Virendra Patil', 'EMP505', 268989),
('Amol Ashok Chavan', 'EMP507', 748455),
('Dipali Dattatray Kadam', 'EMP510', 791616),
('Sheetal Rahul Badkas', 'EMP511', 268989),
('Poonam Parmatma Verma', 'EMP513', 268989),
('Bhushan Dhanraj Zope', 'EMP516', 775685),
('Ajinkya Subhashrao Rasal', 'EMP517', 792777),
('Amit Ramesh Sharma', 'EMP518', 792777),
('Priyanka Makkar', 'EMP521', 792777),
('Ranjeet Vasant Bidwe', 'EMP523', 792777),
('Zakee Ahmed Shamsuddin Mohammed', 'EMP525', 792777),
('Kundlik Sampat Ugale', 'EMP532', 290022),
('Prashant Dadasaheb Jadhav', 'EMP536', 840114),
('Shrikant Dinkar Hade', 'EMP537', 748455),
('Vishnu Bhanudas Tanpure', 'EMP538', 792777),
('Atul Shankar Sutar', 'EMP539', 261003),
('Sopan Anandrao Takawane', 'EMP540', 261003),
('Ashwin Sukhadeorao Ramteke', 'EMP542', 770307),
('Snehal Parag Shintre', 'EMP545', 770307),
('Rishikesh Janardan Sutar', 'EMP551', 770307),
('Ashwin Arvind Bhandekar', 'EMP552', 770307),
('Rajnarayan Shriwas', 'EMP553', 770307),
('Harsh Sharadkumar Thakar', 'EMP555', 916428),
('Tushar Ganesh More', 'EMP557', 206819),
('Sakshi Mahesh Hosamani', 'EMP558', 768146),
('Nilesh Suresh Shirude', 'EMP559', 770307),
('Deepak Tatyasaheb Mane', 'EMP560', 840114),
('Saurabh Anil Gursale', 'EMP561', 770307),
('Parag Jaygopal Jambhulkar', 'EMP563', 816096),
('Nilesh Balaso Gavade', 'EMP564', 434988),
('Hrishikesh Vilas Kasar', 'EMP568', 281664),
('Sandip Vilasrao Shinde', 'EMP569', 253338),
('Laxman Maruti Pawal', 'EMP571', 231798),
('Sumit Kumar Choubey', 'EMP575', 746356),
('Pallavi Sanjay Joshi', 'EMP576', 748455),
('Sudhakar Reddy', 'EMP579', 748461),
('Urmila Shrikant Pawar', 'EMP582', 748455),
('Vivek Baneshwar Patole', 'EMP590', 748455),
('Pavan Ramlal Jaiswal', 'EMP591', 748455),
('Milind Ashok Phadke', 'EMP593', 235518),
('Swarupkumar Shivaji Suradkar', 'EMP608', 727227),
('Rutuja Abhijit Kulkarni', 'EMP610', 727227),
('Gaurav Vijay Bansod', 'EMP611', 1536972),
('Hrushikesh Shirish Khatri', 'EMP615', 727227),
('Vivekanand Prakash Gondane', 'EMP623', 679309),
('Sandeep Lalasaheb Dhende', 'EMP625', 706620),
('Bhumesh Purushottam Masram', 'EMP626', 706620),
('Shridhar Kisan Galande', 'EMP627', 702785),
('Nikhil Vasant Sangade', 'EMP628', 706620),
('Sumit Uttam Bagade', 'EMP629', 706620),
('Manish Ravindra Jansari', 'EMP630', 706620),
('Jagadish Kashinath Kamble', 'EMP631', 706620),
('Sunil Digamberrao Kale', 'EMP632', 706620),
('Hrushikesh Jaiwant Joshi', 'EMP634', 706620),
('Prashant Ganpat Umape', 'EMP636', 706620),
('Sharadchandra Tukaram Gawhale', 'EMP641', 1492650),
('Anil Shrawan Bodhe', 'EMP651', 687780),
('Swati Narendra Lawate', 'EMP652', 500772),
('Manohar Gorakhnath Kshatriya', 'EMP653', 584910),
('Suresh Mahadev Pawal', 'EMP654', 207335),
('Rohan Ravindra Vardhaman', 'EMP655', 521214),
('Nikita Jayantibhai Bhalani', 'EMP656', 485479),
('Mukundraj Ashokrao Patare', 'EMP658', 396784),
('Rahul Rajebhau Deshmukh', 'EMP659', 212494),
('Pankaj Sumersing Patil', 'EMP660', 214855),
('Uday Vilas Jagadale', 'EMP661', 214359),
('Vinodkumar Rajlingappa Ghale', 'EMP662', 212494),
('Anurag Nishad', 'EMP663', 143526);

-- --------------------------------------------------------

--
-- Table structure for table `Limits`
--

CREATE TABLE `Limits` (
  `entry` varchar(35) NOT NULL,
  `tax_limit` int(11) NOT NULL
) ENGINE=InnoDB DEFAULT CHARSET=utf8 ROW_FORMAT=DYNAMIC;

--
-- Dumping data for table `Limits`
--

INSERT INTO `Limits` (`entry`, `tax_limit`) VALUES
('Annual Rent', 150000),
('Mediclaim', 30000),
('Home Interest', 200000),
('National Pension', 50000),
('Physically Handicap', 40000),
('Education Interest', 50000),
('Profession Tax', 2500),
('Deduction', 50000),
('Investments', 150000);

-- --------------------------------------------------------

--
-- Table structure for table `Taxable_monthly`
--

CREATE TABLE `Taxable_monthly` (
  `emp_id` varchar(11) NOT NULL,
  `April` int(11) NOT NULL,
  `May` int(11) NOT NULL,
  `June` int(11) NOT NULL,
  `July` int(11) NOT NULL,
  `August` int(11) NOT NULL,
  `September` int(11) NOT NULL,
  `October` int(11) NOT NULL,
  `November` int(11) NOT NULL,
  `December` int(11) NOT NULL,
  `January` int(11) NOT NULL,
  `February` int(11) NOT NULL,
  `March` int(11) NOT NULL,
  `Annual` int(11) NOT NULL,
  `Adjusted` int(11) NOT NULL
) ENGINE=InnoDB DEFAULT CHARSET=utf8 ROW_FORMAT=DYNAMIC;

--
-- Dumping data for table `Taxable_monthly`
--

INSERT INTO `Taxable_monthly` (`emp_id`, `April`, `May`, `June`, `July`, `August`, `September`, `October`, `November`, `December`, `January`, `February`, `March`, `Annual`, `Adjusted`) VALUES
('EMP002', 148609, 147700, 147700, 147700, 147700, 147700, 147700, 147700, 147700, 147700, 147700, 147700, 1773304, 1773309),
('EMP003', 67446, 66536, 66536, 66536, 66536, 66536, 66536, 66536, 66536, 66536, 66536, 66536, 799341, 799342),
('EMP004', 79877, 78968, 78968, 78968, 78968, 78968, 78968, 78968, 78968, 78968, 78968, 78968, 948523, 948525),
('EMP005', 163641, 162732, 162732, 162732, 162732, 162732, 162732, 162732, 162732, 162732, 162732, 162732, 1953687, 1953693),
('EMP008', 153666, 152756, 152756, 152756, 152756, 152756, 152756, 152756, 152756, 152756, 152756, 152756, 1833981, 1833982),
('EMP012', 171073, 170163, 170163, 170163, 170163, 170163, 170163, 170163, 170163, 170163, 170163, 170163, 2042865, 2042866),
('EMP013', 168103, 167194, 167194, 167194, 167194, 167194, 167194, 167194, 167194, 167194, 167194, 167194, 2007228, 2007237),
('EMP015', 94439, 93529, 93529, 93529, 93529, 93529, 93529, 93529, 93529, 93529, 93529, 93529, 1123257, 1123258),
('EMP019', 190075, 189165, 189165, 189165, 189165, 189165, 189165, 189165, 189165, 189165, 189165, 189165, 2270889, 2270890),
('EMP020', 183431, 182522, 182522, 182522, 182522, 182522, 182522, 182522, 182522, 182522, 182522, 182522, 2191164, 2191173),
('EMP021', 59691, 58782, 58782, 58782, 58782, 58782, 58782, 58782, 58782, 58782, 58782, 58782, 706284, 706293),
('EMP027', 161304, 160394, 160394, 160394, 160394, 160394, 160394, 160394, 160394, 160394, 160394, 160394, 1925637, 1925638),
('EMP028', 106028, 105119, 105119, 105119, 105119, 105119, 105119, 105119, 105119, 105119, 105119, 105119, 1262334, 1262337),
('EMP030', 106028, 105119, 105119, 105119, 105119, 105119, 105119, 105119, 105119, 105119, 105119, 105119, 1262334, 1262337),
('EMP041', 70646, 69737, 69737, 69737, 69737, 69737, 69737, 69737, 69737, 69737, 69737, 69737, 837744, 837753),
('EMP042', 67567, 66658, 66658, 66658, 66658, 66658, 66658, 66658, 66658, 66658, 66658, 66658, 800796, 800805),
('EMP044', 67650, 66741, 66741, 66741, 66741, 66741, 66741, 66741, 66741, 66741, 66741, 66741, 801798, 801801),
('EMP046', 35520, 34611, 34611, 34611, 34611, 34611, 34611, 34611, 34611, 34611, 34611, 34611, 416232, 416241),
('EMP047', 36982, 36073, 36073, 36073, 36073, 36073, 36073, 36073, 36073, 36073, 36073, 36073, 433779, 433785),
('EMP058', 26926, 26016, 26016, 26016, 26016, 26016, 26016, 26016, 26016, 26016, 26016, 26016, 313101, 313102),
('EMP059', 24466, 23557, 23557, 23557, 23557, 23557, 23557, 23557, 23557, 23557, 23557, 23557, 283584, 283593),
('EMP063', 106028, 105119, 105119, 105119, 105119, 105119, 105119, 105119, 105119, 105119, 105119, 105119, 1262334, 1262337),
('EMP065', 56988, 69716, 69716, 69716, 69716, 69716, 69716, 69716, 69716, 69716, 69716, 69716, 823855, 823864),
('EMP066', 102877, 101968, 101968, 101968, 101968, 101968, 101968, 101968, 101968, 101968, 101968, 101968, 1224522, 1224525),
('EMP079', 120846, 97301, 97301, 97301, 97301, 97301, 97301, 97301, 97301, 97301, 97301, 97301, 1191150, 1191157),
('EMP084', 124540, 123631, 123631, 123631, 123631, 123631, 123631, 123631, 123631, 123631, 123631, 123631, 1484472, 1484481),
('EMP100', 68521, 67612, 67612, 67612, 67612, 67612, 67612, 67612, 67612, 67612, 67612, 67612, 812250, 812253),
('EMP119', 153666, 152756, 152756, 152756, 152756, 152756, 152756, 152756, 152756, 152756, 152756, 152756, 1833981, 1833982),
('EMP121', 52581, 51672, 51672, 51672, 51672, 51672, 51672, 51672, 51672, 51672, 51672, 51672, 620970, 620973),
('EMP141', 102877, 101968, 101968, 101968, 101968, 101968, 101968, 101968, 101968, 101968, 101968, 101968, 1224522, 1224525),
('EMP156', 90892, 89983, 89983, 89983, 89983, 89983, 89983, 89983, 89983, 89983, 89983, 89983, 1080696, 1080705),
('EMP177', 102877, 84059, 84059, 84059, 84059, 84059, 84059, 84059, 84059, 84059, 84059, 84059, 1027522, 1027526),
('EMP179', 46932, 46023, 46023, 46023, 46023, 46023, 46023, 46023, 46023, 46023, 46023, 46023, 553182, 553185),
('EMP184', 115003, 114094, 114094, 114094, 114094, 114094, 114094, 114094, 114094, 114094, 114094, 114094, 1370031, 1370037),
('EMP185', 102877, 101968, 101968, 101968, 101968, 101968, 101968, 101968, 101968, 101968, 101968, 101968, 1224522, 1224525),
('EMP189', 106028, 105119, 105119, 105119, 105119, 105119, 105119, 105119, 105119, 105119, 105119, 105119, 1262334, 1262337),
('EMP195', 149127, 148218, 148218, 148218, 148218, 148218, 148218, 148218, 148218, 148218, 148218, 148218, 1779516, 1779525),
('EMP197', 72828, 71919, 71919, 71919, 71919, 71919, 71919, 71919, 71919, 71919, 71919, 71919, 863928, 863937),
('EMP203', 100566, 99657, 99657, 99657, 99657, 99657, 99657, 99657, 99657, 99657, 99657, 99657, 1196784, 1196793),
('EMP206', 26519, 25610, 25610, 25610, 25610, 25610, 25610, 25610, 25610, 25610, 25610, 25610, 308223, 308229),
('EMP211', 149127, 148218, 148218, 148218, 148218, 148218, 148218, 148218, 148218, 148218, 148218, 148218, 1779516, 1779525),
('EMP234', 55458, 68185, 68185, 68185, 68185, 68185, 68185, 68185, 68185, 68185, 68185, 68185, 805486, 805493),
('EMP379', 42826, 38553, 38553, 38553, 38553, 38553, 38553, 38553, 38553, 38553, 38553, 38553, 466904, 466909),
('EMP237', 102877, 101968, 101968, 101968, 101968, 101968, 101968, 101968, 101968, 101968, 101968, 101968, 1224522, 1224525),
('EMP245', 72828, 71919, 71919, 71919, 71919, 71919, 71919, 71919, 71919, 71919, 71919, 71919, 863928, 863937),
('EMP259', 58722, 57813, 57813, 57813, 57813, 57813, 57813, 57813, 57813, 57813, 57813, 57813, 694659, 694665),
('EMP264', 57051, 56142, 56142, 56142, 56142, 56142, 56142, 56142, 56142, 56142, 56142, 56142, 674604, 674613),
('EMP267', 66468, 65559, 65559, 65559, 65559, 65559, 65559, 65559, 65559, 65559, 65559, 65559, 787614, 787617),
('EMP276', 47934, 47025, 47025, 47025, 47025, 47025, 47025, 47025, 47025, 47025, 47025, 47025, 565203, 565209),
('EMP293', 94678, 93769, 93769, 93769, 93769, 93769, 93769, 93769, 93769, 93769, 93769, 93769, 1126128, 1126137),
('EMP301', 43775, 42866, 42866, 42866, 42866, 42866, 42866, 42866, 42866, 42866, 42866, 42866, 515292, 515301),
('EMP302', 136284, 135375, 135375, 135375, 135375, 135375, 135375, 135375, 135375, 135375, 135375, 135375, 1625406, 1625409),
('EMP306', 29341, 28431, 28431, 28431, 28431, 28431, 28431, 28431, 28431, 28431, 28431, 28431, 342081, 342082),
('EMP309', 29341, 28431, 28431, 28431, 28431, 28431, 28431, 28431, 28431, 28431, 28431, 28431, 342081, 342082),
('EMP312', 77393, 73757, 73757, 73757, 73757, 73757, 73757, 73757, 73757, 73757, 73757, 73757, 888714, 888720),
('EMP313', 79775, 78866, 78866, 78866, 78866, 78866, 78866, 78866, 78866, 78866, 78866, 78866, 947298, 947301),
('EMP315', 27055, 26146, 26146, 26146, 26146, 26146, 26146, 26146, 26146, 26146, 26146, 26146, 314655, 314661),
('EMP317', 30293, 29384, 29384, 29384, 29384, 29384, 29384, 29384, 29384, 29384, 29384, 29384, 353508, 353517),
('EMP318', 79775, 78866, 78866, 78866, 78866, 78866, 78866, 78866, 78866, 78866, 78866, 78866, 947298, 947301),
('EMP319', 29341, 28431, 28431, 28431, 28431, 28431, 28431, 28431, 28431, 28431, 28431, 28431, 342081, 342082),
('EMP321', 99823, 98914, 98914, 98914, 98914, 98914, 98914, 98914, 98914, 98914, 98914, 98914, 1187874, 1187877),
('EMP326', 77393, 71939, 71939, 71939, 71939, 71939, 71939, 71939, 71939, 71939, 71939, 71939, 868714, 868722),
('EMP329', 27055, 12510, 12510, 12510, 12510, 12510, 12510, 12510, 12510, 12510, 12510, 12510, 164655, 164665),
('EMP330', 27055, 12510, 12510, 12510, 12510, 12510, 12510, 12510, 12510, 12510, 12510, 12510, 164655, 164665),
('EMP334', 79775, 78866, 78866, 78866, 78866, 78866, 78866, 78866, 78866, 78866, 78866, 78866, 947298, 947301),
('EMP337', 79775, 78866, 78866, 78866, 78866, 78866, 78866, 78866, 78866, 78866, 78866, 78866, 947298, 947301),
('EMP338', 72828, 71919, 71919, 71919, 71919, 71919, 71919, 71919, 71919, 71919, 71919, 71919, 863928, 863937),
('EMP340', 79775, 62048, 62048, 62048, 62048, 62048, 62048, 62048, 62048, 62048, 62048, 62048, 762298, 762303),
('EMP342', 29341, 28431, 28431, 28431, 28431, 28431, 28431, 28431, 28431, 28431, 28431, 28431, 342081, 342082),
('EMP344', 79775, 78866, 78866, 78866, 78866, 78866, 78866, 78866, 78866, 78866, 78866, 78866, 947298, 947301),
('EMP345', 149127, 141854, 141854, 141854, 141854, 141854, 141854, 141854, 141854, 141854, 141854, 141854, 1709516, 1709521),
('EMP347', 80415, 79506, 79506, 79506, 79506, 79506, 79506, 79506, 79506, 79506, 79506, 79506, 954972, 954981),
('EMP355', 47135, 46226, 46226, 46226, 46226, 46226, 46226, 46226, 46226, 46226, 46226, 46226, 555614, 555621),
('EMP362', 64893, 63984, 63984, 63984, 63984, 63984, 63984, 63984, 63984, 63984, 63984, 63984, 768714, 768717),
('EMP231', 161381, 154563, 154563, 154563, 154563, 154563, 154563, 154563, 154563, 154563, 154563, 154563, 1861570, 1861574),
('EMP128', 184457, 179701, 179701, 179701, 179701, 179701, 179701, 179701, 179701, 179701, 179701, 179701, 2161165, 2161168),
('EMP389', 42826, 41917, 41917, 41917, 41917, 41917, 41917, 41917, 41917, 41917, 41917, 41917, 503904, 503913),
('EMP397', 76160, 70102, 70102, 70102, 70102, 70102, 70102, 70102, 70102, 70102, 70102, 70102, 847279, 847282),
('EMP403', 83417, 69962, 69962, 69962, 69962, 69962, 69962, 69962, 69962, 69962, 69962, 69962, 852999, 852999),
('EMP364', 42826, 27917, 27917, 27917, 27917, 27917, 27917, 27917, 27917, 27917, 27917, 27917, 349908, 349913),
('EMP367', 56914, 56005, 56005, 56005, 56005, 56005, 56005, 56005, 56005, 56005, 56005, 56005, 672966, 672969),
('EMP369', 42370, 41461, 41461, 41461, 41461, 41461, 41461, 41461, 41461, 41461, 41461, 41461, 498440, 498441),
('EMP372', 117205, 116295, 116295, 116295, 116295, 116295, 116295, 116295, 116295, 116295, 116295, 116295, 1396449, 1396450),
('EMP373', 77393, 76484, 76484, 76484, 76484, 76484, 76484, 76484, 76484, 76484, 76484, 76484, 918714, 918717),
('EMP374', 77393, 76484, 76484, 76484, 76484, 76484, 76484, 76484, 76484, 76484, 76484, 76484, 918714, 918717),
('EMP376', 77393, 76484, 76484, 76484, 76484, 76484, 76484, 76484, 76484, 76484, 76484, 76484, 918714, 918717),
('EMP381', 29341, 28431, 28431, 28431, 28431, 28431, 28431, 28431, 28431, 28431, 28431, 28431, 342081, 342082),
('EMP382', 63793, 58339, 58339, 58339, 58339, 58339, 58339, 58339, 58339, 58339, 58339, 58339, 705514, 705522),
('EMP383', 71673, 70763, 70763, 70763, 70763, 70763, 70763, 70763, 70763, 70763, 70763, 70763, 850065, 850066),
('EMP384', 29772, 28862, 28862, 28862, 28862, 28862, 28862, 28862, 28862, 28862, 28862, 28862, 347253, 347254),
('EMP388', 78516, 77607, 77607, 77607, 77607, 77607, 77607, 77607, 77607, 77607, 77607, 77607, 932190, 932193),
('EMP390', 77393, 76484, 76484, 76484, 76484, 76484, 76484, 76484, 76484, 76484, 76484, 76484, 918714, 918717),
('EMP392', 75082, 74173, 74173, 74173, 74173, 74173, 74173, 74173, 74173, 74173, 74173, 74173, 890976, 890985),
('EMP398', 41134, 23538, 23538, 23538, 23538, 23538, 23538, 23538, 23538, 23538, 23538, 23538, 300052, 300052),
('EMP401', 75082, 56900, 56900, 56900, 56900, 56900, 56900, 56900, 56900, 56900, 56900, 56900, 700976, 700982),
('EMP404', 78006, 75493, 75493, 75493, 75493, 75493, 75493, 75493, 75493, 75493, 75493, 75493, 908425, 908429),
('EMP406', 75082, 74173, 74173, 74173, 74173, 74173, 74173, 74173, 74173, 74173, 74173, 74173, 890976, 890985),
('EMP407', 17074, 28321, 28321, 28321, 28321, 28321, 28321, 28321, 28321, 28321, 28321, 28321, 328600, 328605),
('EMP408', 41134, 40225, 40225, 40225, 40225, 40225, 40225, 40225, 40225, 40225, 40225, 40225, 483600, 483609),
('EMP411', 76160, 75250, 75250, 75250, 75250, 75250, 75250, 75250, 75250, 75250, 75250, 75250, 903909, 903910),
('EMP414', 96854, 95944, 95944, 95944, 95944, 95944, 95944, 95944, 95944, 95944, 95944, 95944, 1152237, 1152238),
('EMP418', 23724, 22814, 22814, 22814, 22814, 22814, 22814, 22814, 22814, 22814, 22814, 22814, 274677, 274678),
('EMP423', 80957, 80048, 80048, 80048, 80048, 80048, 80048, 80048, 80048, 80048, 80048, 80048, 961482, 961485),
('EMP427', 72828, 71919, 71919, 71919, 71919, 71919, 71919, 71919, 71919, 71919, 71919, 71919, 863928, 863937),
('EMP428', 77419, 76509, 76509, 76509, 76509, 76509, 76509, 76509, 76509, 76509, 76509, 76509, 919017, 919018),
('EMP429', 39035, 38126, 38126, 38126, 38126, 38126, 38126, 38126, 38126, 38126, 38126, 38126, 458415, 458421),
('EMP431', 26080, 25171, 25171, 25171, 25171, 25171, 25171, 25171, 25171, 25171, 25171, 25171, 302958, 302961),
('EMP432', 26080, 25171, 25171, 25171, 25171, 25171, 25171, 25171, 25171, 25171, 25171, 25171, 302958, 302961),
('EMP433', 40314, 39404, 39404, 39404, 39404, 39404, 39404, 39404, 39404, 39404, 39404, 39404, 473757, 473758),
('EMP435', 40314, 39404, 39404, 39404, 39404, 39404, 39404, 39404, 39404, 39404, 39404, 39404, 473757, 473758),
('EMP437', 77419, 76509, 76509, 76509, 76509, 76509, 76509, 76509, 76509, 76509, 76509, 76509, 919017, 919018),
('EMP438', 77419, 76509, 76509, 76509, 76509, 76509, 76509, 76509, 76509, 76509, 76509, 76509, 919017, 919018),
('EMP439', 73880, 72971, 72971, 72971, 72971, 72971, 72971, 72971, 72971, 72971, 72971, 72971, 876558, 876561),
('EMP443', 70646, 69737, 69737, 69737, 69737, 69737, 69737, 69737, 69737, 69737, 69737, 69737, 837744, 837753),
('EMP445', 25183, 24273, 24273, 24273, 24273, 24273, 24273, 24273, 24273, 24273, 24273, 24273, 292185, 292186),
('EMP446', 20954, 20045, 20045, 20045, 20045, 20045, 20045, 20045, 20045, 20045, 20045, 20045, 241440, 241449),
('EMP447', -3541, -4450, -4450, -4450, -4450, -4450, -4450, -4450, -4450, -4450, -4450, -4450, -52500, -52491),
('EMP451', 65518, 64609, 64609, 64609, 64609, 64609, 64609, 64609, 64609, 64609, 64609, 64609, 776209, 776217),
('EMP452', 70646, 69737, 69737, 69737, 69737, 69737, 69737, 69737, 69737, 69737, 69737, 69737, 837744, 837753),
('EMP459', 18892, 17983, 17983, 17983, 17983, 17983, 17983, 17983, 17983, 17983, 17983, 17983, 216702, 216705),
('EMP460', 20236, 19327, 19327, 19327, 19327, 19327, 19327, 19327, 19327, 19327, 19327, 19327, 232830, 232833),
('EMP462', 20236, 19327, 19327, 19327, 19327, 19327, 19327, 19327, 19327, 19327, 19327, 19327, 232830, 232833),
('EMP464', 20108, 19199, 19199, 19199, 19199, 19199, 19199, 19199, 19199, 19199, 19199, 19199, 231295, 231297),
('EMP466', 20237, 19328, 19328, 19328, 19328, 19328, 19328, 19328, 19328, 19328, 19328, 19328, 232840, 232845),
('EMP468', 21984, 21074, 21074, 21074, 21074, 21074, 21074, 21074, 21074, 21074, 21074, 21074, 253797, 253798),
('EMP470', 25699, 24790, 24790, 24790, 24790, 24790, 24790, 24790, 24790, 24790, 24790, 24790, 298383, 298389),
('EMP474', 18973, 18064, 18064, 18064, 18064, 18064, 18064, 18064, 18064, 18064, 18064, 18064, 217669, 217677),
('EMP476', 66468, 47377, 47377, 47377, 47377, 47377, 47377, 47377, 47377, 47377, 47377, 47377, 587614, 587615),
('EMP477', 326645, 325735, 325735, 325735, 325735, 325735, 325735, 325735, 325735, 325735, 325735, 325735, 3909730, 3909730),
('EMP478', 64467, 63558, 63558, 63558, 63558, 63558, 63558, 63558, 63558, 63558, 63558, 63558, 763596, 763605),
('EMP479', 19546, 18637, 18637, 18637, 18637, 18637, 18637, 18637, 18637, 18637, 18637, 18637, 224544, 224553),
('EMP480', 19546, 18637, 18637, 18637, 18637, 18637, 18637, 18637, 18637, 18637, 18637, 18637, 224544, 224553),
('EMP481', 66468, 47377, 47377, 47377, 47377, 47377, 47377, 47377, 47377, 47377, 47377, 47377, 587614, 587615),
('EMP482', 66468, 65559, 65559, 65559, 65559, 65559, 65559, 65559, 65559, 65559, 65559, 65559, 787614, 787617),
('EMP484', 66468, 65559, 65559, 65559, 65559, 65559, 65559, 65559, 65559, 65559, 65559, 65559, 787614, 787617),
('EMP485', 79775, 78866, 78866, 78866, 78866, 78866, 78866, 78866, 78866, 78866, 78866, 78866, 947298, 947301),
('EMP490', 63548, 62639, 62639, 62639, 62639, 62639, 62639, 62639, 62639, 62639, 62639, 62639, 752573, 752577),
('EMP492', 18825, 17916, 17916, 17916, 17916, 17916, 17916, 17916, 17916, 17916, 17916, 17916, 215894, 215901),
('EMP495', 18875, 17965, 17965, 17965, 17965, 17965, 17965, 17965, 17965, 17965, 17965, 17965, 216489, 216490),
('EMP499', 64467, 63558, 63558, 63558, 63558, 63558, 63558, 63558, 63558, 63558, 63558, 63558, 763596, 763605),
('EMP500', 18875, 17965, 17965, 17965, 17965, 17965, 17965, 17965, 17965, 17965, 17965, 17965, 216489, 216490),
('EMP501', 18545, 17636, 17636, 17636, 17636, 17636, 17636, 17636, 17636, 17636, 17636, 17636, 212535, 212541),
('EMP502', 18545, 17636, 17636, 17636, 17636, 17636, 17636, 17636, 17636, 17636, 17636, 17636, 212535, 212541),
('EMP503', 21344, 20435, 20435, 20435, 20435, 20435, 20435, 20435, 20435, 20435, 20435, 20435, 246120, 246129),
('EMP504', 40002, 39092, 39092, 39092, 39092, 39092, 39092, 39092, 39092, 39092, 39092, 39092, 470013, 470014),
('EMP505', 18875, 17965, 17965, 17965, 17965, 17965, 17965, 17965, 17965, 17965, 17965, 17965, 216489, 216490),
('EMP507', 58830, 57921, 57921, 57921, 57921, 57921, 57921, 57921, 57921, 57921, 57921, 57921, 695955, 695961),
('EMP510', 62427, 61518, 61518, 61518, 61518, 61518, 61518, 61518, 61518, 61518, 61518, 61518, 739116, 739125),
('EMP511', 18875, 17965, 17965, 17965, 17965, 17965, 17965, 17965, 17965, 17965, 17965, 17965, 216489, 216490),
('EMP513', 18875, 17965, 17965, 17965, 17965, 17965, 17965, 17965, 17965, 17965, 17965, 17965, 216489, 216490),
('EMP516', 61099, 57008, 57008, 57008, 57008, 57008, 57008, 57008, 57008, 57008, 57008, 57008, 688185, 688187),
('EMP517', 62524, 43433, 43433, 43433, 43433, 43433, 43433, 43433, 43433, 43433, 43433, 43433, 540277, 540287),
('EMP518', 62524, 47349, 47349, 47349, 47349, 47349, 47349, 47349, 47349, 47349, 47349, 47349, 583353, 583363),
('EMP521', 62524, 61614, 61614, 61614, 61614, 61614, 61614, 61614, 61614, 61614, 61614, 61614, 740277, 740278),
('EMP523', 62524, 47251, 47251, 47251, 47251, 47251, 47251, 47251, 47251, 47251, 47251, 47251, 582277, 582285),
('EMP525', 62524, 52887, 52887, 52887, 52887, 52887, 52887, 52887, 52887, 52887, 52887, 52887, 644277, 644281),
('EMP536', 66468, 65559, 65559, 65559, 65559, 65559, 65559, 65559, 65559, 65559, 65559, 65559, 787614, 787617),
('EMP537', 58830, 57921, 57921, 57921, 57921, 57921, 57921, 57921, 57921, 57921, 57921, 57921, 695955, 695961),
('EMP538', 62524, 61614, 61614, 61614, 61614, 61614, 61614, 61614, 61614, 61614, 61614, 61614, 740277, 740278),
('EMP542', 60651, 40469, 40469, 40469, 40469, 40469, 40469, 40469, 40469, 40469, 40469, 40469, 505807, 505810),
('EMP545', 60651, 59742, 59742, 59742, 59742, 59742, 59742, 59742, 59742, 59742, 59742, 59742, 717807, 717813),
('EMP551', 60651, 59742, 59742, 59742, 59742, 59742, 59742, 59742, 59742, 59742, 59742, 59742, 717807, 717813),
('EMP552', 60651, 59742, 59742, 59742, 59742, 59742, 59742, 59742, 59742, 59742, 59742, 59742, 717807, 717813),
('EMP553', 60651, 59742, 59742, 59742, 59742, 59742, 59742, 59742, 59742, 59742, 59742, 59742, 717807, 717813),
('EMP555', 72828, 71919, 71919, 71919, 71919, 71919, 71919, 71919, 71919, 71919, 71919, 71919, 863928, 863937),
('EMP558', 60471, 59562, 59562, 59562, 59562, 59562, 59562, 59562, 59562, 59562, 59562, 59562, 715646, 715653),
('EMP559', 60651, 43378, 43378, 43378, 43378, 43378, 43378, 43378, 43378, 43378, 43378, 43378, 537807, 537809),
('EMP560', 66468, 65559, 65559, 65559, 65559, 65559, 65559, 65559, 65559, 65559, 65559, 65559, 787614, 787617),
('EMP561', 60651, 59742, 59742, 59742, 59742, 59742, 59742, 59742, 59742, 59742, 59742, 59742, 717807, 717813),
('EMP563', 64467, 45376, 45376, 45376, 45376, 45376, 45376, 45376, 45376, 45376, 45376, 45376, 563596, 563603),
('EMP575', 58655, 57746, 57746, 57746, 57746, 57746, 57746, 57746, 57746, 57746, 57746, 57746, 693856, 693861),
('EMP576', 58830, 57921, 57921, 57921, 57921, 57921, 57921, 57921, 57921, 57921, 57921, 57921, 695955, 695961),
('EMP579', 58831, 45558, 45558, 45558, 45558, 45558, 45558, 45558, 45558, 45558, 45558, 45558, 559961, 559969),
('EMP582', 58830, 57921, 57921, 57921, 57921, 57921, 57921, 57921, 57921, 57921, 57921, 57921, 695955, 695961),
('EMP655', 39893, 38984, 38984, 38984, 38984, 38984, 38984, 38984, 38984, 38984, 38984, 38984, 468714, 468717),
('EMP590', 58830, 57921, 57921, 57921, 57921, 57921, 57921, 57921, 57921, 57921, 57921, 57921, 695955, 695961),
('EMP591', 58830, 37739, 37739, 37739, 37739, 37739, 37739, 37739, 37739, 37739, 37739, 37739, 473955, 473959),
('EMP593', 16085, 15176, 15176, 15176, 15176, 15176, 15176, 15176, 15176, 15176, 15176, 15176, 183018, 183021),
('EMP608', 57061, 47970, 47970, 47970, 47970, 47970, 47970, 47970, 47970, 47970, 47970, 47970, 584727, 584731),
('EMP610', 57061, 53425, 53425, 53425, 53425, 53425, 53425, 53425, 53425, 53425, 53425, 53425, 644727, 644736),
('EMP611', 124540, 123631, 123631, 123631, 123631, 123631, 123631, 123631, 123631, 123631, 123631, 123631, 1484472, 1484481),
('EMP615', 57061, 56152, 56152, 56152, 56152, 56152, 56152, 56152, 56152, 56152, 56152, 56152, 674727, 674733),
('EMP623', 53068, 52159, 52159, 52159, 52159, 52159, 52159, 52159, 52159, 52159, 52159, 52159, 626809, 626817),
('EMP625', 55344, 54435, 54435, 54435, 54435, 54435, 54435, 54435, 54435, 54435, 54435, 54435, 654120, 654129),
('EMP626', 55344, 40162, 40162, 40162, 40162, 40162, 40162, 40162, 40162, 40162, 40162, 40162, 497120, 497126),
('EMP627', 55024, 54115, 54115, 54115, 54115, 54115, 54115, 54115, 54115, 54115, 54115, 54115, 650285, 650289),
('EMP628', 55344, 54435, 54435, 54435, 54435, 54435, 54435, 54435, 54435, 54435, 54435, 54435, 654120, 654129),
('EMP629', 55344, 54435, 54435, 54435, 54435, 54435, 54435, 54435, 54435, 54435, 54435, 54435, 654120, 654129),
('EMP630', 55344, 54435, 54435, 54435, 54435, 54435, 54435, 54435, 54435, 54435, 54435, 54435, 654120, 654129),
('EMP631', 55344, 54435, 54435, 54435, 54435, 54435, 54435, 54435, 54435, 54435, 54435, 54435, 654120, 654129),
('EMP632', 55344, 41632, 41632, 41632, 41632, 41632, 41632, 41632, 41632, 41632, 41632, 41632, 513296, 513296),
('EMP634', 55344, 39162, 39162, 39162, 39162, 39162, 39162, 39162, 39162, 39162, 39162, 39162, 486120, 486126),
('EMP636', 55344, 54435, 54435, 54435, 54435, 54435, 54435, 54435, 54435, 54435, 54435, 54435, 654120, 654129),
('EMP641', 120846, 119937, 119937, 119937, 119937, 119937, 119937, 119937, 119937, 119937, 119937, 119937, 1440150, 1440153),
('EMP651', 53774, 52865, 52865, 52865, 52865, 52865, 52865, 52865, 52865, 52865, 52865, 52865, 635280, 635289),
('EMP652', 25128, 24219, 24219, 24219, 24219, 24219, 24219, 24219, 24219, 24219, 24219, 24219, 291529, 291537),
('EMP653', 31838, 30929, 30929, 30929, 30929, 30929, 30929, 30929, 30929, 30929, 30929, 30929, 372050, 372057),
('EMP654', 13737, 12828, 12828, 12828, 12828, 12828, 12828, 12828, 12828, 12828, 12828, 12828, 154835, 154845),
('EMP656', 36915, 36006, 36006, 36006, 36006, 36006, 36006, 36006, 36006, 36006, 36006, 36006, 432979, 432981),
('EMP658', 29524, 28615, 28615, 28615, 28615, 28615, 28615, 28615, 28615, 28615, 28615, 28615, 344284, 344289),
('EMP659', 14167, 13257, 13257, 13257, 13257, 13257, 13257, 13257, 13257, 13257, 13257, 13257, 159994, 159994),
('EMP660', 14363, 13454, 13454, 13454, 13454, 13454, 13454, 13454, 13454, 13454, 13454, 13454, 162355, 162357),
('EMP661', 14322, 13413, 13413, 13413, 13413, 13413, 13413, 13413, 13413, 13413, 13413, 13413, 161859, 161865),
('EMP662', 14167, 13257, 13257, 13257, 13257, 13257, 13257, 13257, 13257, 13257, 13257, 13257, 159994, 159994),
('EMP663', 8419, 7510, 7510, 7510, 7510, 7510, 7510, 7510, 7510, 7510, 7510, 7510, 91026, 91029),
('EMP440', 13532, 12296, 12296, 12296, 12296, 12296, 12296, 12296, 12296, 12296, 12296, 12296, 148782, 148788),
('EMP289', 27941, 27032, 27032, 27032, 27032, 27032, 27032, 27032, 27032, 27032, 27032, 27032, 325292, 325293),
('EMP001', 141166, 140256, 140256, 140256, 140256, 140256, 140256, 140256, 140256, 140256, 140256, 140256, 1683981, 1683982),
('EMP219', 0, 33572, 33572, 33572, 33572, 33572, 33572, 33572, 33572, 33572, 33572, 33572, 369290, 369292);

-- --------------------------------------------------------

--
-- Table structure for table `Tax_monthly`
--

CREATE TABLE `Tax_monthly` (
  `emp_id` varchar(11) NOT NULL,
  `April` int(11) NOT NULL,
  `May` int(11) NOT NULL,
  `June` int(11) NOT NULL,
  `July` int(11) NOT NULL,
  `August` int(11) NOT NULL,
  `September` int(11) NOT NULL,
  `October` int(11) NOT NULL,
  `November` int(11) NOT NULL,
  `December` int(11) NOT NULL,
  `January` int(11) NOT NULL,
  `February` int(11) NOT NULL,
  `March` int(11) NOT NULL,
  `Annual` int(11) NOT NULL,
  `Adjusted` int(11) NOT NULL,
  `Edu_Cess` int(11) NOT NULL
) ENGINE=InnoDB DEFAULT CHARSET=utf8 ROW_FORMAT=DYNAMIC;

--
-- Dumping data for table `Tax_monthly`
--

INSERT INTO `Tax_monthly` (`emp_id`, `April`, `May`, `June`, `July`, `August`, `September`, `October`, `November`, `December`, `January`, `February`, `March`, `Annual`, `Adjusted`, `Edu_Cess`) VALUES
('EMP002', 28958, 28685, 28685, 28685, 28685, 28685, 28685, 28685, 28685, 28685, 28685, 28685, 344493, 344493, 13780),
('EMP003', 6198, 6016, 6016, 6016, 6016, 6016, 6016, 6016, 6016, 6016, 6016, 6016, 72369, 72374, 2895),
('EMP004', 8684, 8502, 8502, 8502, 8502, 8502, 8502, 8502, 8502, 8502, 8502, 8502, 102205, 102206, 4089),
('EMP005', 33468, 33195, 33195, 33195, 33195, 33195, 33195, 33195, 33195, 33195, 33195, 33195, 398608, 398613, 15945),
('EMP008', 30475, 30202, 30202, 30202, 30202, 30202, 30202, 30202, 30202, 30202, 30202, 30202, 362695, 362697, 14508),
('EMP012', 35697, 35424, 35424, 35424, 35424, 35424, 35424, 35424, 35424, 35424, 35424, 35424, 425360, 425361, 17015),
('EMP013', 34806, 34534, 34534, 34534, 34534, 34534, 34534, 34534, 34534, 34534, 34534, 34534, 414672, 414680, 16588),
('EMP015', 12707, 12434, 12434, 12434, 12434, 12434, 12434, 12434, 12434, 12434, 12434, 12434, 149478, 149481, 5980),
('EMP019', 41398, 41125, 41125, 41125, 41125, 41125, 41125, 41125, 41125, 41125, 41125, 41125, 493767, 493773, 19751),
('EMP020', 39405, 39132, 39132, 39132, 39132, 39132, 39132, 39132, 39132, 39132, 39132, 39132, 469852, 469857, 18795),
('EMP021', 4647, 4465, 4465, 4465, 4465, 4465, 4465, 4465, 4465, 4465, 4465, 4465, 53759, 53762, 2151),
('EMP027', 32766, 32494, 32494, 32494, 32494, 32494, 32494, 32494, 32494, 32494, 32494, 32494, 390192, 390200, 15608),
('EMP028', 16184, 15911, 15911, 15911, 15911, 15911, 15911, 15911, 15911, 15911, 15911, 15911, 191202, 191205, 7649),
('EMP030', 16184, 15911, 15911, 15911, 15911, 15911, 15911, 15911, 15911, 15911, 15911, 15911, 191202, 191205, 7649),
('EMP041', 6838, 6656, 6656, 6656, 6656, 6656, 6656, 6656, 6656, 6656, 6656, 6656, 80051, 80054, 3203),
('EMP042', 6222, 6040, 6040, 6040, 6040, 6040, 6040, 6040, 6040, 6040, 6040, 6040, 72661, 72662, 2907),
('EMP044', 6239, 6057, 6057, 6057, 6057, 6057, 6057, 6057, 6057, 6057, 6057, 6057, 72861, 72866, 2915),
('EMP046', 0, 0, 0, 0, 0, 0, 0, 0, 0, 0, 0, 0, 0, 0, 0),
('EMP047', 0, 0, 0, 0, 0, 0, 0, 0, 0, 0, 0, 0, 0, 0, 0),
('EMP058', 0, 0, 0, 0, 0, 0, 0, 0, 0, 0, 0, 0, 0, 0, 0),
('EMP059', 0, 0, 0, 0, 0, 0, 0, 0, 0, 0, 0, 0, 0, 0, 0),
('EMP063', 16184, 15911, 15911, 15911, 15911, 15911, 15911, 15911, 15911, 15911, 15911, 15911, 191202, 191205, 7649),
('EMP065', 4106, 6652, 6652, 6652, 6652, 6652, 6652, 6652, 6652, 6652, 6652, 6652, 77273, 77278, 3092),
('EMP066', 15239, 14966, 14966, 14966, 14966, 14966, 14966, 14966, 14966, 14966, 14966, 14966, 179858, 179865, 7195),
('EMP079', 20629, 13566, 13566, 13566, 13566, 13566, 13566, 13566, 13566, 13566, 13566, 13566, 169848, 169855, 6795),
('EMP084', 21737, 21465, 21465, 21465, 21465, 21465, 21465, 21465, 21465, 21465, 21465, 21465, 257845, 257852, 10315),
('EMP100', 6413, 6231, 6231, 6231, 6231, 6231, 6231, 6231, 6231, 6231, 6231, 6231, 74951, 74954, 2999),
('EMP119', 30475, 30202, 30202, 30202, 30202, 30202, 30202, 30202, 30202, 30202, 30202, 30202, 362695, 362697, 14508),
('EMP121', 3225, 3043, 3043, 3043, 3043, 3043, 3043, 3043, 3043, 3043, 3043, 3043, 36695, 36698, 1468),
('EMP141', 15239, 14966, 14966, 14966, 14966, 14966, 14966, 14966, 14966, 14966, 14966, 14966, 179858, 179865, 7195),
('EMP156', 11643, 11370, 11370, 11370, 11370, 11370, 11370, 11370, 11370, 11370, 11370, 11370, 136712, 136713, 5469),
('EMP177', 15239, 9593, 9593, 9593, 9593, 9593, 9593, 9593, 9593, 9593, 9593, 9593, 120758, 120762, 4831),
('EMP179', 2095, 1913, 1913, 1913, 1913, 1913, 1913, 1913, 1913, 1913, 1913, 1913, 23137, 23138, 926),
('EMP184', 18876, 18604, 18604, 18604, 18604, 18604, 18604, 18604, 18604, 18604, 18604, 18604, 223512, 223520, 8941),
('EMP185', 15239, 14966, 14966, 14966, 14966, 14966, 14966, 14966, 14966, 14966, 14966, 14966, 179858, 179865, 7195),
('EMP189', 16184, 15911, 15911, 15911, 15911, 15911, 15911, 15911, 15911, 15911, 15911, 15911, 191202, 191205, 7649),
('EMP195', 29113, 28841, 28841, 28841, 28841, 28841, 28841, 28841, 28841, 28841, 28841, 28841, 346358, 346364, 13855),
('EMP197', 7274, 7093, 7093, 7093, 7093, 7093, 7093, 7093, 7093, 7093, 7093, 7093, 85288, 85297, 3412),
('EMP203', 14545, 14273, 14273, 14273, 14273, 14273, 14273, 14273, 14273, 14273, 14273, 14273, 171538, 171548, 6862),
('EMP206', 0, 0, 0, 0, 0, 0, 0, 0, 0, 0, 0, 0, 0, 0, 0),
('EMP211', 29113, 28841, 28841, 28841, 28841, 28841, 28841, 28841, 28841, 28841, 28841, 28841, 346358, 346364, 13855),
('EMP234', 3800, 6346, 6346, 6346, 6346, 6346, 6346, 6346, 6346, 6346, 6346, 6346, 73599, 73606, 2945),
('EMP379', 0, 0, 0, 0, 0, 0, 0, 0, 0, 0, 0, 0, 0, 0, 0),
('EMP237', 15239, 14966, 14966, 14966, 14966, 14966, 14966, 14966, 14966, 14966, 14966, 14966, 179858, 179865, 7195),
('EMP245', 7274, 7093, 7093, 7093, 7093, 7093, 7093, 7093, 7093, 7093, 7093, 7093, 85288, 85297, 3412),
('EMP259', 4453, 4271, 4271, 4271, 4271, 4271, 4271, 4271, 4271, 4271, 4271, 4271, 51433, 51434, 2058),
('EMP264', 4119, 3937, 3937, 3937, 3937, 3937, 3937, 3937, 3937, 3937, 3937, 3937, 47423, 47426, 1898),
('EMP267', 6002, 5821, 5821, 5821, 5821, 5821, 5821, 5821, 5821, 5821, 5821, 5821, 70024, 70033, 2802),
('EMP276', 2296, 2114, 2114, 2114, 2114, 2114, 2114, 2114, 2114, 2114, 2114, 2114, 25542, 25550, 1022),
('EMP293', 12779, 12506, 12506, 12506, 12506, 12506, 12506, 12506, 12506, 12506, 12506, 12506, 150342, 150345, 6014),
('EMP301', 1464, 1282, 1282, 1282, 1282, 1282, 1282, 1282, 1282, 1282, 1282, 1282, 15561, 15566, 623),
('EMP302', 25261, 24988, 24988, 24988, 24988, 24988, 24988, 24988, 24988, 24988, 24988, 24988, 300123, 300129, 12006),
('EMP306', 0, 0, 0, 0, 0, 0, 0, 0, 0, 0, 0, 0, 0, 0, 0),
('EMP309', 0, 0, 0, 0, 0, 0, 0, 0, 0, 0, 0, 0, 0, 0, 0),
('EMP312', 8187, 7460, 7460, 7460, 7460, 7460, 7460, 7460, 7460, 7460, 7460, 7460, 90244, 90247, 3610),
('EMP313', 8664, 8482, 8482, 8482, 8482, 8482, 8482, 8482, 8482, 8482, 8482, 8482, 101961, 101966, 4079),
('EMP315', 0, 0, 0, 0, 0, 0, 0, 0, 0, 0, 0, 0, 0, 0, 0),
('EMP317', 0, 0, 0, 0, 0, 0, 0, 0, 0, 0, 0, 0, 0, 0, 0),
('EMP318', 8664, 8482, 8482, 8482, 8482, 8482, 8482, 8482, 8482, 8482, 8482, 8482, 101961, 101966, 4079),
('EMP319', 0, 0, 0, 0, 0, 0, 0, 0, 0, 0, 0, 0, 0, 0, 0),
('EMP321', 14322, 14050, 14050, 14050, 14050, 14050, 14050, 14050, 14050, 14050, 14050, 14050, 168864, 168872, 6755),
('EMP326', 8187, 7097, 7097, 7097, 7097, 7097, 7097, 7097, 7097, 7097, 7097, 7097, 86245, 86254, 3451),
('EMP329', 0, 0, 0, 0, 0, 0, 0, 0, 0, 0, 0, 0, 0, 0, 0),
('EMP330', 0, 0, 0, 0, 0, 0, 0, 0, 0, 0, 0, 0, 0, 0, 0),
('EMP334', 8664, 8482, 8482, 8482, 8482, 8482, 8482, 8482, 8482, 8482, 8482, 8482, 101961, 101966, 4079),
('EMP337', 8664, 8482, 8482, 8482, 8482, 8482, 8482, 8482, 8482, 8482, 8482, 8482, 101961, 101966, 4079),
('EMP338', 7274, 7093, 7093, 7093, 7093, 7093, 7093, 7093, 7093, 7093, 7093, 7093, 85288, 85297, 3412),
('EMP340', 8664, 5118, 5118, 5118, 5118, 5118, 5118, 5118, 5118, 5118, 5118, 5118, 64961, 64962, 2599),
('EMP342', 0, 0, 0, 0, 0, 0, 0, 0, 0, 0, 0, 0, 0, 0, 0),
('EMP344', 8664, 8482, 8482, 8482, 8482, 8482, 8482, 8482, 8482, 8482, 8482, 8482, 101961, 101966, 4079),
('EMP345', 29114, 26932, 26932, 26932, 26932, 26932, 26932, 26932, 26932, 26932, 26932, 26932, 325357, 325366, 13015),
('EMP347', 8792, 8610, 8610, 8610, 8610, 8610, 8610, 8610, 8610, 8610, 8610, 8610, 103497, 103502, 4141),
('EMP355', 2136, 1954, 1954, 1954, 1954, 1954, 1954, 1954, 1954, 1954, 1954, 1954, 23625, 23630, 946),
('EMP362', 5687, 5506, 5506, 5506, 5506, 5506, 5506, 5506, 5506, 5506, 5506, 5506, 66244, 66253, 2651),
('EMP231', 32790, 30744, 30744, 30744, 30744, 30744, 30744, 30744, 30744, 30744, 30744, 30744, 370973, 370974, 14839),
('EMP128', 39713, 38286, 38286, 38286, 38286, 38286, 38286, 38286, 38286, 38286, 38286, 38286, 460851, 460859, 18435),
('EMP389', 1274, 1092, 1092, 1092, 1092, 1092, 1092, 1092, 1092, 1092, 1092, 1092, 13283, 13286, 532),
('EMP397', 7941, 6729, 6729, 6729, 6729, 6729, 6729, 6729, 6729, 6729, 6729, 6729, 81957, 81960, 3279),
('EMP403', 9401, 6700, 6700, 6700, 6700, 6700, 6700, 6700, 6700, 6700, 6700, 6700, 83100, 83101, 3325),
('EMP364', 0, 0, 0, 0, 0, 0, 0, 0, 0, 0, 0, 0, 0, 0, 0),
('EMP367', 4092, 3910, 3910, 3910, 3910, 3910, 3910, 3910, 3910, 3910, 3910, 3910, 47094, 47102, 1885),
('EMP369', 0, 0, 0, 0, 0, 0, 0, 0, 0, 0, 0, 0, 0, 0, 0),
('EMP372', 19537, 19264, 19264, 19264, 19264, 19264, 19264, 19264, 19264, 19264, 19264, 19264, 231435, 231441, 9258),
('EMP373', 8187, 8006, 8006, 8006, 8006, 8006, 8006, 8006, 8006, 8006, 8006, 8006, 96244, 96253, 3851),
('EMP374', 8187, 8006, 8006, 8006, 8006, 8006, 8006, 8006, 8006, 8006, 8006, 8006, 96244, 96253, 3851),
('EMP376', 8187, 8006, 8006, 8006, 8006, 8006, 8006, 8006, 8006, 8006, 8006, 8006, 96244, 96253, 3851),
('EMP381', 0, 0, 0, 0, 0, 0, 0, 0, 0, 0, 0, 0, 0, 0, 0),
('EMP382', 5467, 4377, 4377, 4377, 4377, 4377, 4377, 4377, 4377, 4377, 4377, 4377, 53605, 53614, 2145),
('EMP383', 7043, 6861, 6861, 6861, 6861, 6861, 6861, 6861, 6861, 6861, 6861, 6861, 82514, 82514, 3301),
('EMP384', 0, 0, 0, 0, 0, 0, 0, 0, 0, 0, 0, 0, 0, 0, 0),
('EMP388', 8412, 8230, 8230, 8230, 8230, 8230, 8230, 8230, 8230, 8230, 8230, 8230, 98939, 98942, 3958),
('EMP390', 8187, 8006, 8006, 8006, 8006, 8006, 8006, 8006, 8006, 8006, 8006, 8006, 96244, 96253, 3851),
('EMP392', 7725, 7543, 7543, 7543, 7543, 7543, 7543, 7543, 7543, 7543, 7543, 7543, 90697, 90698, 3628),
('EMP398', 0, 0, 0, 0, 0, 0, 0, 0, 0, 0, 0, 0, 0, 0, 0),
('EMP401', 7725, 4089, 4089, 4089, 4089, 4089, 4089, 4089, 4089, 4089, 4089, 4089, 52697, 52704, 2109),
('EMP404', 8310, 7807, 7807, 7807, 7807, 7807, 7807, 7807, 7807, 7807, 7807, 7807, 94186, 94187, 3768),
('EMP406', 7725, 7543, 7543, 7543, 7543, 7543, 7543, 7543, 7543, 7543, 7543, 7543, 90697, 90698, 3628),
('EMP407', 0, 0, 0, 0, 0, 0, 0, 0, 0, 0, 0, 0, 0, 0, 0),
('EMP408', 0, 0, 0, 0, 0, 0, 0, 0, 0, 0, 0, 0, 0, 0, 0),
('EMP411', 7941, 7759, 7759, 7759, 7759, 7759, 7759, 7759, 7759, 7759, 7759, 7759, 93282, 93290, 3732),
('EMP414', 13432, 13159, 13159, 13159, 13159, 13159, 13159, 13159, 13159, 13159, 13159, 13159, 158172, 158181, 6328),
('EMP418', 0, 0, 0, 0, 0, 0, 0, 0, 0, 0, 0, 0, 0, 0, 0),
('EMP423', 8900, 8718, 8718, 8718, 8718, 8718, 8718, 8718, 8718, 8718, 8718, 8718, 104797, 104798, 4192),
('EMP427', 7274, 7093, 7093, 7093, 7093, 7093, 7093, 7093, 7093, 7093, 7093, 7093, 85288, 85297, 3412),
('EMP428', 8193, 8011, 8011, 8011, 8011, 8011, 8011, 8011, 8011, 8011, 8011, 8011, 96304, 96314, 3853),
('EMP429', 0, 0, 0, 0, 0, 0, 0, 0, 0, 0, 0, 0, 0, 0, 0),
('EMP431', 0, 0, 0, 0, 0, 0, 0, 0, 0, 0, 0, 0, 0, 0, 0),
('EMP432', 0, 0, 0, 0, 0, 0, 0, 0, 0, 0, 0, 0, 0, 0, 0),
('EMP433', 0, 0, 0, 0, 0, 0, 0, 0, 0, 0, 0, 0, 0, 0, 0),
('EMP435', 0, 0, 0, 0, 0, 0, 0, 0, 0, 0, 0, 0, 0, 0, 0),
('EMP437', 8193, 8011, 8011, 8011, 8011, 8011, 8011, 8011, 8011, 8011, 8011, 8011, 96304, 96314, 3853),
('EMP438', 8193, 8011, 8011, 8011, 8011, 8011, 8011, 8011, 8011, 8011, 8011, 8011, 96304, 96314, 3853),
('EMP439', 7485, 7303, 7303, 7303, 7303, 7303, 7303, 7303, 7303, 7303, 7303, 7303, 87813, 87818, 3513),
('EMP443', 6838, 6656, 6656, 6656, 6656, 6656, 6656, 6656, 6656, 6656, 6656, 6656, 80051, 80054, 3203),
('EMP445', 0, 0, 0, 0, 0, 0, 0, 0, 0, 0, 0, 0, 0, 0, 0),
('EMP446', 0, 0, 0, 0, 0, 0, 0, 0, 0, 0, 0, 0, 0, 0, 0),
('EMP447', 0, 0, 0, 0, 0, 0, 0, 0, 0, 0, 0, 0, 0, 0, 0),
('EMP451', 5812, 5631, 5631, 5631, 5631, 5631, 5631, 5631, 5631, 5631, 5631, 5631, 67744, 67753, 2711),
('EMP452', 6838, 6656, 6656, 6656, 6656, 6656, 6656, 6656, 6656, 6656, 6656, 6656, 80051, 80054, 3203),
('EMP459', 0, 0, 0, 0, 0, 0, 0, 0, 0, 0, 0, 0, 0, 0, 0),
('EMP460', 0, 0, 0, 0, 0, 0, 0, 0, 0, 0, 0, 0, 0, 0, 0),
('EMP462', 0, 0, 0, 0, 0, 0, 0, 0, 0, 0, 0, 0, 0, 0, 0),
('EMP464', 0, 0, 0, 0, 0, 0, 0, 0, 0, 0, 0, 0, 0, 0, 0),
('EMP466', 0, 0, 0, 0, 0, 0, 0, 0, 0, 0, 0, 0, 0, 0, 0),
('EMP468', 0, 0, 0, 0, 0, 0, 0, 0, 0, 0, 0, 0, 0, 0, 0),
('EMP470', 0, 0, 0, 0, 0, 0, 0, 0, 0, 0, 0, 0, 0, 0, 0),
('EMP474', 0, 0, 0, 0, 0, 0, 0, 0, 0, 0, 0, 0, 0, 0, 0),
('EMP476', 6002, 2184, 2184, 2184, 2184, 2184, 2184, 2184, 2184, 2184, 2184, 2184, 30023, 30026, 1202),
('EMP477', 82369, 82096, 82096, 82096, 82096, 82096, 82096, 82096, 82096, 82096, 82096, 82096, 985419, 985425, 39417),
('EMP478', 5602, 5420, 5420, 5420, 5420, 5420, 5420, 5420, 5420, 5420, 5420, 5420, 65221, 65222, 2609),
('EMP479', 0, 0, 0, 0, 0, 0, 0, 0, 0, 0, 0, 0, 0, 0, 0),
('EMP480', 0, 0, 0, 0, 0, 0, 0, 0, 0, 0, 0, 0, 0, 0, 0),
('EMP481', 6002, 2184, 2184, 2184, 2184, 2184, 2184, 2184, 2184, 2184, 2184, 2184, 30023, 30026, 1202),
('EMP482', 6002, 5821, 5821, 5821, 5821, 5821, 5821, 5821, 5821, 5821, 5821, 5821, 70024, 70033, 2802),
('EMP484', 6002, 5821, 5821, 5821, 5821, 5821, 5821, 5821, 5821, 5821, 5821, 5821, 70024, 70033, 2802),
('EMP485', 8664, 8482, 8482, 8482, 8482, 8482, 8482, 8482, 8482, 8482, 8482, 8482, 101961, 101966, 4079),
('EMP490', 5418, 5237, 5237, 5237, 5237, 5237, 5237, 5237, 5237, 5237, 5237, 5237, 63016, 63025, 2521),
('EMP492', 0, 0, 0, 0, 0, 0, 0, 0, 0, 0, 0, 0, 0, 0, 0),
('EMP495', 0, 0, 0, 0, 0, 0, 0, 0, 0, 0, 0, 0, 0, 0, 0),
('EMP499', 5602, 5420, 5420, 5420, 5420, 5420, 5420, 5420, 5420, 5420, 5420, 5420, 65221, 65222, 2609),
('EMP500', 0, 0, 0, 0, 0, 0, 0, 0, 0, 0, 0, 0, 0, 0, 0),
('EMP501', 0, 0, 0, 0, 0, 0, 0, 0, 0, 0, 0, 0, 0, 0, 0),
('EMP502', 0, 0, 0, 0, 0, 0, 0, 0, 0, 0, 0, 0, 0, 0, 0),
('EMP503', 0, 0, 0, 0, 0, 0, 0, 0, 0, 0, 0, 0, 0, 0, 0),
('EMP504', 0, 0, 0, 0, 0, 0, 0, 0, 0, 0, 0, 0, 0, 0, 0),
('EMP505', 0, 0, 0, 0, 0, 0, 0, 0, 0, 0, 0, 0, 0, 0, 0),
('EMP507', 4475, 4293, 4293, 4293, 4293, 4293, 4293, 4293, 4293, 4293, 4293, 4293, 51693, 51698, 2068),
('EMP510', 5194, 5012, 5012, 5012, 5012, 5012, 5012, 5012, 5012, 5012, 5012, 5012, 60325, 60326, 2414),
('EMP511', 0, 0, 0, 0, 0, 0, 0, 0, 0, 0, 0, 0, 0, 0, 0),
('EMP513', 0, 0, 0, 0, 0, 0, 0, 0, 0, 0, 0, 0, 0, 0, 0),
('EMP516', 4929, 4110, 4110, 4110, 4110, 4110, 4110, 4110, 4110, 4110, 4110, 4110, 50138, 50139, 2006),
('EMP517', 5214, 1395, 1395, 1395, 1395, 1395, 1395, 1395, 1395, 1395, 1395, 1395, 20558, 20559, 823),
('EMP518', 5214, 2179, 2179, 2179, 2179, 2179, 2179, 2179, 2179, 2179, 2179, 2179, 29173, 29183, 1168),
('EMP521', 5214, 5032, 5032, 5032, 5032, 5032, 5032, 5032, 5032, 5032, 5032, 5032, 60556, 60566, 2423),
('EMP523', 5214, 2159, 2159, 2159, 2159, 2159, 2159, 2159, 2159, 2159, 2159, 2159, 28957, 28963, 1159),
('EMP525', 5214, 3286, 3286, 3286, 3286, 3286, 3286, 3286, 3286, 3286, 3286, 3286, 41357, 41360, 1655),
('EMP536', 6002, 5821, 5821, 5821, 5821, 5821, 5821, 5821, 5821, 5821, 5821, 5821, 70024, 70033, 2802),
('EMP537', 4475, 4293, 4293, 4293, 4293, 4293, 4293, 4293, 4293, 4293, 4293, 4293, 51693, 51698, 2068),
('EMP538', 5214, 5032, 5032, 5032, 5032, 5032, 5032, 5032, 5032, 5032, 5032, 5032, 60556, 60566, 2423),
('EMP542', 4839, 803, 803, 803, 803, 803, 803, 803, 803, 803, 803, 803, 13662, 13672, 547),
('EMP545', 4839, 4657, 4657, 4657, 4657, 4657, 4657, 4657, 4657, 4657, 4657, 4657, 56063, 56066, 2243),
('EMP551', 4839, 4657, 4657, 4657, 4657, 4657, 4657, 4657, 4657, 4657, 4657, 4657, 56063, 56066, 2243),
('EMP552', 4839, 4657, 4657, 4657, 4657, 4657, 4657, 4657, 4657, 4657, 4657, 4657, 56063, 56066, 2243),
('EMP553', 4839, 4657, 4657, 4657, 4657, 4657, 4657, 4657, 4657, 4657, 4657, 4657, 56063, 56066, 2243),
('EMP555', 7274, 7093, 7093, 7093, 7093, 7093, 7093, 7093, 7093, 7093, 7093, 7093, 85288, 85297, 3412),
('EMP558', 4803, 4621, 4621, 4621, 4621, 4621, 4621, 4621, 4621, 4621, 4621, 4621, 55631, 55634, 2226),
('EMP559', 4839, 1384, 1384, 1384, 1384, 1384, 1384, 1384, 1384, 1384, 1384, 1384, 20062, 20063, 803),
('EMP560', 6002, 5821, 5821, 5821, 5821, 5821, 5821, 5821, 5821, 5821, 5821, 5821, 70024, 70033, 2802),
('EMP561', 4839, 4657, 4657, 4657, 4657, 4657, 4657, 4657, 4657, 4657, 4657, 4657, 56063, 56066, 2243),
('EMP563', 5602, 1784, 1784, 1784, 1784, 1784, 1784, 1784, 1784, 1784, 1784, 1784, 25221, 25226, 1010),
('EMP575', 4440, 4258, 4258, 4258, 4258, 4258, 4258, 4258, 4258, 4258, 4258, 4258, 51273, 51278, 2052),
('EMP576', 4475, 4293, 4293, 4293, 4293, 4293, 4293, 4293, 4293, 4293, 4293, 4293, 51693, 51698, 2068),
('EMP579', 4475, 1820, 1820, 1820, 1820, 1820, 1820, 1820, 1820, 1820, 1820, 1820, 24494, 24495, 980),
('EMP582', 4475, 4293, 4293, 4293, 4293, 4293, 4293, 4293, 4293, 4293, 4293, 4293, 51693, 51698, 2068),
('EMP655', 0, 0, 0, 0, 0, 0, 0, 0, 0, 0, 0, 0, 0, 0, 0),
('EMP590', 4475, 4293, 4293, 4293, 4293, 4293, 4293, 4293, 4293, 4293, 4293, 4293, 51693, 51698, 2068),
('EMP591', 0, 0, 0, 0, 0, 0, 0, 0, 0, 0, 0, 0, 0, 0, 0),
('EMP593', 0, 0, 0, 0, 0, 0, 0, 0, 0, 0, 0, 0, 0, 0, 0),
('EMP608', 4121, 2303, 2303, 2303, 2303, 2303, 2303, 2303, 2303, 2303, 2303, 2303, 29447, 29454, 1179),
('EMP610', 4121, 3394, 3394, 3394, 3394, 3394, 3394, 3394, 3394, 3394, 3394, 3394, 41448, 41455, 1659),
('EMP611', 21737, 21465, 21465, 21465, 21465, 21465, 21465, 21465, 21465, 21465, 21465, 21465, 257845, 257852, 10315),
('EMP615', 4121, 3939, 3939, 3939, 3939, 3939, 3939, 3939, 3939, 3939, 3939, 3939, 47447, 47450, 1898),
('EMP623', 3322, 3141, 3141, 3141, 3141, 3141, 3141, 3141, 3141, 3141, 3141, 3141, 37864, 37873, 1515),
('EMP625', 3778, 3596, 3596, 3596, 3596, 3596, 3596, 3596, 3596, 3596, 3596, 3596, 43326, 43334, 1734),
('EMP626', 0, 0, 0, 0, 0, 0, 0, 0, 0, 0, 0, 0, 0, 0, 0),
('EMP627', 3714, 3532, 3532, 3532, 3532, 3532, 3532, 3532, 3532, 3532, 3532, 3532, 42558, 42566, 1703),
('EMP628', 3778, 3596, 3596, 3596, 3596, 3596, 3596, 3596, 3596, 3596, 3596, 3596, 43326, 43334, 1734),
('EMP629', 3778, 3596, 3596, 3596, 3596, 3596, 3596, 3596, 3596, 3596, 3596, 3596, 43326, 43334, 1734),
('EMP630', 3778, 3596, 3596, 3596, 3596, 3596, 3596, 3596, 3596, 3596, 3596, 3596, 43326, 43334, 1734),
('EMP631', 3778, 3596, 3596, 3596, 3596, 3596, 3596, 3596, 3596, 3596, 3596, 3596, 43326, 43334, 1734),
('EMP632', 3778, 1035, 1035, 1035, 1035, 1035, 1035, 1035, 1035, 1035, 1035, 1035, 15160, 15163, 607),
('EMP634', 0, 0, 0, 0, 0, 0, 0, 0, 0, 0, 0, 0, 0, 0, 0),
('EMP636', 3778, 3596, 3596, 3596, 3596, 3596, 3596, 3596, 3596, 3596, 3596, 3596, 43326, 43334, 1734),
('EMP641', 20629, 20357, 20357, 20357, 20357, 20357, 20357, 20357, 20357, 20357, 20357, 20357, 244546, 244556, 9783),
('EMP651', 3464, 3282, 3282, 3282, 3282, 3282, 3282, 3282, 3282, 3282, 3282, 3282, 39558, 39566, 1583),
('EMP652', 0, 0, 0, 0, 0, 0, 0, 0, 0, 0, 0, 0, 0, 0, 0),
('EMP653', 0, 0, 0, 0, 0, 0, 0, 0, 0, 0, 0, 0, 0, 0, 0),
('EMP654', 0, 0, 0, 0, 0, 0, 0, 0, 0, 0, 0, 0, 0, 0, 0),
('EMP656', 0, 0, 0, 0, 0, 0, 0, 0, 0, 0, 0, 0, 0, 0, 0),
('EMP658', 0, 0, 0, 0, 0, 0, 0, 0, 0, 0, 0, 0, 0, 0, 0),
('EMP659', 0, 0, 0, 0, 0, 0, 0, 0, 0, 0, 0, 0, 0, 0, 0),
('EMP660', 0, 0, 0, 0, 0, 0, 0, 0, 0, 0, 0, 0, 0, 0, 0),
('EMP661', 0, 0, 0, 0, 0, 0, 0, 0, 0, 0, 0, 0, 0, 0, 0),
('EMP662', 0, 0, 0, 0, 0, 0, 0, 0, 0, 0, 0, 0, 0, 0, 0),
('EMP663', 0, 0, 0, 0, 0, 0, 0, 0, 0, 0, 0, 0, 0, 0, 0),
('EMP440', 0, 0, 0, 0, 0, 0, 0, 0, 0, 0, 0, 0, 0, 0, 0),
('EMP289', 0, 0, 0, 0, 0, 0, 0, 0, 0, 0, 0, 0, 0, 0, 0),
('EMP001', 26725, 26452, 26452, 26452, 26452, 26452, 26452, 26452, 26452, 26452, 26452, 26452, 317695, 317697, 12708),
('EMP219', 0, 0, 0, 0, 0, 0, 0, 0, 0, 0, 0, 0, 0, 0, 0);

-- --------------------------------------------------------

--
-- Table structure for table `Tax_slabs`
--

CREATE TABLE `Tax_slabs` (
  `lower_boundary` int(11) NOT NULL,
  `upper_boundary` int(11) NOT NULL,
  `percent` int(11) NOT NULL
) ENGINE=InnoDB DEFAULT CHARSET=utf8 ROW_FORMAT=DYNAMIC;

--
-- Dumping data for table `Tax_slabs`
--

INSERT INTO `Tax_slabs` (`lower_boundary`, `upper_boundary`, `percent`) VALUES
(0, 250000, 0),
(250000, 500000, 5),
(500000, 1000000, 20),
(1000000, 5000000, 30),
(5000000, 10000000, 30);

--
-- Indexes for dumped tables
--

--
-- Indexes for table `Declarations`
--
ALTER TABLE `Declarations`
  ADD PRIMARY KEY (`emp_id`,`dec_id`);

--
-- Indexes for table `Employee`
--
ALTER TABLE `Employee`
  ADD PRIMARY KEY (`emp_id`);

/*!40101 SET CHARACTER_SET_CLIENT=@OLD_CHARACTER_SET_CLIENT */;
/*!40101 SET CHARACTER_SET_RESULTS=@OLD_CHARACTER_SET_RESULTS */;
/*!40101 SET COLLATION_CONNECTION=@OLD_COLLATION_CONNECTION */;
